<?xml version="1.0"?>
<rss version="2.0">
  <channel>
    <title>{{ getSetting('site_name') }}</title>
    <link>{{ getSetting('site_url') }}</link>
    <description>{{ getSetting('site_description') }}</description>
      {# Limit the RSS to 10 entries, and sort by most recently published. #}
      {% for object in cms.articles|sort('publish_date', true)|slice(0,10) %}
      <item>
        <title>{{ object.name }}</title>
        {# Web need Webhook to build a FULL url, not a relative one. #}
        <link>{{ getSetting('site_url') }}{{ url(object) }}</link>
        <description>
          {# The escape filter escapes our HTML so readers can read it. #}
          {{ object.description|safe|escape }}
        </description>
        <pubDate>{{ object.publish_date }}</pubDate>
      </item>
    {% endfor %}
  </channel>
</rss>